model,seed,utilization_mean,utilization_std,optimality_gap_mean,optimality_gap_std,actor_loss_mean,critic_loss_mean,gradient_variance_mean,gradient_variance_std,gradient_norm_mean,gradient_norm_std
MC,1,0.9032159969628734,0.03508279257996682,0.10479472617915005,0.045990518329834806,-0.006527441910747438,134.13658577355667,0.008075994791020589,0.02913157346114217,14.95548329904899,27.147070311333906
MC,2,0.9065997959008238,0.03493297689188526,0.1006320821096098,0.0464846045870029,0.2934900207882631,104.79910994579122,0.0069924118331618455,0.02166341519500469,13.847446435799636,26.31746537986059
MC,3,0.9118096687649025,0.03771947209115562,0.09471056902230694,0.049030493917506954,-0.5394024480738203,100.09323084909428,0.005047913915752678,0.02088144744026375,9.282723128713295,22.695283422635484
MC,4,0.9021327828503487,0.03919578287610975,0.10649130996260824,0.05178940161604961,1.0394993927970528,118.6107463725075,0.007630891116346126,0.03244967187627852,12.277390652540326,26.320063830395686
MC,5,0.9073636421389272,0.03383715769124988,0.099455092671557,0.04465194676063165,0.16379574051088375,112.35796599725548,0.007994109025264285,0.028954657786335124,12.192840938313678,29.15671845947987
MC,7,0.9093856850009281,0.033838267225834405,0.09714034225567497,0.04434082672106918,0.705855850667134,120.30527732779831,0.005159869020653374,0.024755833303125148,11.00738798263818,20.452200818426046
MC,8,0.910243663974853,0.03557699014938887,0.09616439350858273,0.04712111544845671,0.0015670479641226769,118.02008252886894,0.006163631078771092,0.02283324006632419,12.096247683763504,24.061268532842888
MC,9,0.9076244749573963,0.03258751768623027,0.09908425934521892,0.04329014826638852,-0.32965004996806385,120.65962449564934,0.0066942078862455194,0.022035349933140606,11.028011014257372,28.563554256915204
MC,10,0.9096397950628974,0.03918222134229489,0.09723848558360439,0.051142651738506774,-0.44034908779612053,102.20987969721894,0.007757499038691408,0.031033698575913104,12.627357721112295,27.17507509328982
MC,11,0.904357165659446,0.03612781794222582,0.1033808340610239,0.04762705129650724,0.4403517751619656,100.33120508508125,0.0032825139039362947,0.008162128207319555,10.317596984693687,18.388949342413422
MC,12,0.9092631836673069,0.03890799613282533,0.09769038366930434,0.05096774038191059,-0.1528797325986531,110.06920648276301,0.009336405013948338,0.03167500148877358,15.03793752488792,30.63993123158166
MC,13,0.9103142326007401,0.043034760306913514,0.09690946446880898,0.0558671912501925,-0.9906127568626385,129.1540622685271,0.0073736346022239985,0.02316144575820463,14.33497820409164,26.891310543391054
MC,14,0.9083702112875982,0.03570225551270983,0.09864001764163446,0.04723187296817193,-0.2698960820092205,100.11264307783732,0.006836312188523832,0.025072018831621613,12.606934337003157,25.819864503399618
MC,15,0.9090884536256757,0.03475802551099149,0.0974196336058952,0.04535519806929009,-0.06401076109135283,128.657110583757,0.00798302788593423,0.03203874546120994,10.66413291684501,29.587056882564312
MC,16,0.9024508453724985,0.03784377833189946,0.10597694770921597,0.05000501450961299,-0.04568258522539089,115.67382058116033,0.012607601879941598,0.04135664549618521,15.85921419109553,38.84211269882777
MC,18,0.8997155710160518,0.03995265713156444,0.1094319563550308,0.05211769415494574,0.9606789351406886,125.7429654409381,0.009709023425709845,0.030128430797835837,15.235729415051638,32.88483425108052
MC,20,0.9045975335324391,0.04099717238186539,0.10380543876842127,0.05443996477864115,0.14290353428213717,120.12596948096508,0.0053788351307826315,0.016923587062255493,12.957967586183548,22.825714585745278
MC,42,0.9040003888251478,0.03726109676607976,0.10402730337985679,0.04907392529898993,0.36728393326574243,101.04965841425518,0.007531310753135719,0.03506239130291862,12.185763666793518,25.43432866626021
TD WITHOUT EF,1,0.915043692846137,0.05551255959735125,0.09300085752093284,0.07004631106142328,-0.02361272770923969,0.6858608243144466,5.7394895480816675e-05,0.00019768312181572454,1.0239784853173448,2.6032206035010215
TD WITHOUT EF,2,0.9161297532521132,0.05448771558004961,0.09149096434917973,0.06859863877898002,-0.02658705636650999,0.6579324979794958,2.231598572604798e-05,4.9606407243882896e-05,0.8053659151304339,1.5945985098527442
TD WITHOUT EF,3,0.8625973066203165,0.07115877271371845,0.1635810646857691,0.10395574711809272,-0.050168675924721226,0.8628403256724201,9.556967189281086e-05,9.450028588374174e-05,1.9515238452431747,3.42906808359442
TD WITHOUT EF,4,0.917280047063909,0.054015208802235,0.0900098389548108,0.0679514974246719,-0.02380521717356033,0.6415576687683794,2.727560751900291e-05,2.5626909792601748e-05,1.1147096709876247,1.7836934873011412
TD WITHOUT EF,5,0.9165165300284934,0.05355076011849623,0.09077445352662374,0.06755048993461907,-0.025256135034020476,0.6593562054343373,3.617522227882108e-05,8.53314635688446e-05,1.0508619745731775,1.966500093104274
TD WITHOUT EF,7,0.915362986481816,0.05362220039523309,0.09229670002656935,0.06761395769868113,-0.024732682050638163,0.6485664657114854,2.039274600158444e-05,2.4340989543654825e-05,0.8619853358274926,1.5492849296042723
TD WITHOUT EF,8,0.9182443960985982,0.05366094710536798,0.08873792907711242,0.0675846746406292,-0.021327912096259956,0.6787431571535527,3.5230288222597786e-05,6.577874488637955e-05,0.9909967507326103,2.0701026428766567
TD WITHOUT EF,9,0.9163843531359682,0.054342963515583285,0.0910972012382283,0.06843779694697723,-0.027706147688635555,0.6310969047241901,3.66878634196794e-05,8.137629546690747e-05,0.9987820377148193,2.126817525950139
TD WITHOUT EF,10,0.9146003081046076,0.055598410296599274,0.09336913397030601,0.07029522251545202,-0.02708330621144453,0.7289668748343694,4.4238004512952456e-05,0.00011561656409860611,1.2076397447629132,2.2094496591595223
TD WITHOUT EF,11,0.9157939718281164,0.05373488284294354,0.09170542456361794,0.06786021368884505,-0.02716792786324006,0.7274256365424161,2.3002865089981154e-05,5.0778679004421354e-05,0.7643735216519446,1.7440556648634418
TD WITHOUT EF,12,0.9133499862285489,0.052153986428494704,0.09439553110205316,0.06634335769346063,-0.03017833496022451,0.640550967067139,5.749410935349607e-05,0.0001343248120739927,1.1491270206554793,2.7485221453770556
TD WITHOUT EF,13,0.9137495940524246,0.05413783510996649,0.09421391580227359,0.06853886565631888,-0.03239814381721755,0.8192062818976578,4.066280864439897e-05,0.00011272264372962144,1.0981654531724752,2.310902992731427
TD WITHOUT EF,14,0.8853072336201668,0.06895505303111325,0.13274337532186634,0.09505258531063017,-0.033591766402511124,0.9707250590552466,0.00010666069472464577,0.0002134347437049654,1.394207605842175,3.893766993997586
TD WITHOUT EF,15,0.8896382075392095,0.06776689597933895,0.1267365411337925,0.09336614871978022,-0.05113306782372614,0.9512741185788611,0.00010927637761454916,0.0002865560450122045,1.6644717996813356,3.8735177069727578
TD WITHOUT EF,16,0.9141195851557301,0.05466632682152502,0.09392259555596048,0.06911004678217701,-0.02791660157499764,0.7133309775750186,5.066448825791274e-05,0.0001173070672004589,1.2351766482156599,2.4175326618059283
TD WITHOUT EF,18,0.9177104377923879,0.05447143882432581,0.08948147899249563,0.06859672417823524,-0.030655980876778822,0.6914572150604484,3.207939357739396e-05,5.7727537290149686e-05,1.1547736537836943,1.8086507737946675
TD WITHOUT EF,20,0.9010202691685678,0.0610702576890302,0.11128394281436738,0.08239445583294315,-0.0327213676312017,0.829679709136602,6.114577894958556e-05,7.302202070382375e-05,1.405515025391383,2.823235367668347
TD WITHOUT EF,42,0.9070016953742334,0.059503345424580883,0.10347691339326381,0.07814873567895722,-0.03177557771938241,0.7717774841316297,3.979517240295228e-05,6.975187184292228e-05,1.094092824453884,2.2748143943020853
TD_EF,1,0.9189595557390529,0.05524601300283187,0.08827642903051466,0.06924347946832422,-0.17231080163508813,25.113871642398834,0.0004915640531572407,0.0017138573678288772,2.538691046132892,8.558858128059212
TD_EF,2,0.9200777495224349,0.055224749173452624,0.08689900955812689,0.06918639652624024,-0.1626789036972943,24.094796721076964,0.00021792758590380993,0.0007156966642150666,2.0382022875195953,5.51877635581137
TD_EF,3,0.919690856907102,0.05519745543055605,0.08746273177079035,0.06905298107723803,-0.15971962992518365,25.02439314956665,0.00017078599509221592,0.00043910420996328873,2.1514992764605094,4.551615147281571
TD_EF,4,0.9204415117988903,0.05515397620396824,0.08641820753949186,0.06907601669051915,-0.31566882410165564,25.871475480556487,0.0005206339607046038,0.0019701709088023444,2.568216340372432,8.874703935837154
TD_EF,5,0.9203117434879776,0.054935304446987146,0.08646118379759483,0.0689278753778552,-0.1500307313932739,25.585961598348618,0.00035349194075214767,0.0011328063788866864,2.333124075390905,7.116196275430726
TD_EF,7,0.9203037096501792,0.05505435449319081,0.08661933714508169,0.06894604751078572,-0.16998781499717733,25.12841952176094,0.00015284330336234276,0.0003497919274349944,2.0114317701936,4.555554068647573
TD_EF,8,0.9215852761696905,0.05523573914055568,0.08499856232401803,0.06910285166778635,-0.15017159294679017,24.568588548755645,0.00037028150245995556,0.0016411846863832729,2.135565343029192,7.396617859699321
TD_EF,9,0.9201003730876766,0.05494013125032659,0.08675995708811526,0.06883863981034631,-0.16313389650052704,25.88386263856888,0.0002487933059923231,0.0008904637828389018,2.2487428354285193,5.881511988277907
TD_EF,10,0.9199154521033106,0.05489643690566586,0.08691926111907398,0.06893736636910376,-0.1508866313913837,26.882261098480225,0.00038446183580271003,0.0012509246009633672,2.5918803254994565,7.494972760278635
TD_EF,11,0.9197428904168142,0.054996453281524776,0.08717853427083316,0.06897027584195499,-0.17549448211471316,24.991027801179886,0.00019241048180137363,0.0007446472604931424,1.9045099604580085,5.012536772779037
TD_EF,12,0.9199675684680167,0.054934371750386506,0.08688300550107596,0.06898143374201522,-0.18455234190849878,25.88771738090515,0.00021998411269977378,0.00048468533232154365,2.3774621564158354,5.529111660803685
TD_EF,13,0.9204485601144597,0.05531698897659687,0.08638522772258642,0.06929650352765215,-0.16811715877224123,25.23456159090996,0.0001900334363346614,0.0006240764942738901,2.1149554241018254,5.230781695081506
TD_EF,14,0.9198240388391857,0.054927147589586486,0.087229826719885,0.06869893067487229,-0.17687746603144477,24.844070186948777,0.00044238836590128366,0.0017270360122233009,2.409588756026828,8.07650032008699
TD_EF,15,0.9209468246735182,0.05505361832158124,0.08569847185132493,0.06892429050343023,-0.18264731503482326,24.05636463932991,0.0001560690899663258,0.0005109618577693747,1.919776598000014,4.686080277238239
TD_EF,16,0.9197348719383596,0.05491563215347256,0.08724953567515147,0.06885927651811048,-0.18562030196398263,24.388053574466706,0.00012085878995757547,0.00029118479458495165,2.072637368470116,3.8957858555014093
TD_EF,18,0.9208391484030278,0.055098159393112675,0.08585291013548384,0.06902042355807049,-0.16984740981809246,24.456352979421617,0.00035232402253440197,0.001361790996205588,2.31786756469885,7.268346236308641
TD_EF,20,0.9185643698765987,0.05506356040402062,0.08873013116341125,0.06898182532378312,0.028007288551406235,45.95229673118591,0.0007145566582093866,0.002664778544895587,3.3077332150557543,10.219255289722616
TD_EF,42,0.9192845929643992,0.05503858671017459,0.08781608454921089,0.06900790570538955,-0.18571910715364248,25.29289095425606,0.0011623695610096432,0.006490035540398576,2.6764993731523514,13.51591818020075
